id,heater_type,rated_power_kw,tank_capacity_l,minimum_comfort_temp_c,maximum_temp_c,recovery_rate_c_per_hour,baseline_duty_cycle,dataset_split,data_classification
wh-0001,heat_pump,3.85254,158.654,50.21,57.733,4.96,0.297582,train,SYNTHETIC
wh-0002,heat_pump,4.431291,160.82,49.244,57.267,4.567,0.367478,train,SYNTHETIC
wh-0003,heat_pump,3.977923,278.874,48.305,60.92,5.239,0.266012,train,SYNTHETIC
wh-0004,heat_pump,3.976304,213.967,49.695,60.284,5.504,0.356079,train,SYNTHETIC
wh-0005,heat_pump,4.157222,248.579,48.135,58.344,6.522,0.271557,train,SYNTHETIC
wh-0006,electric_resistance,4.228389,236.703,49.918,59.452,8.421,0.282621,train,SYNTHETIC
wh-0007,heat_pump,4.494165,236.904,49.397,60.619,4.428,0.204497,train,SYNTHETIC
wh-0008,electric_resistance,5.447844,223.544,50.339,58.906,8.788,0.264759,train,SYNTHETIC
wh-0009,electric_resistance,5.201234,250.786,48.823,57.607,7.303,0.241197,train,SYNTHETIC
wh-0010,heat_pump,4.358694,295.05,49.557,57.039,4.761,0.250814,train,SYNTHETIC
wh-0011,heat_pump,3.835345,278.739,49.206,58.333,5.688,0.323107,train,SYNTHETIC
wh-0012,electric_resistance,4.8042,294.261,48.419,59.308,11.97,0.144678,train,SYNTHETIC
wh-0013,heat_pump,4.021535,196.962,50.524,58.928,6.411,0.270303,train,SYNTHETIC
wh-0014,heat_pump,4.618904,156.66,49.0,60.832,4.098,0.324216,train,SYNTHETIC
wh-0015,electric_resistance,5.231247,249.098,48.917,59.097,10.543,0.136121,train,SYNTHETIC
wh-0016,electric_resistance,5.144576,150.305,48.908,59.439,8.688,0.257158,train,SYNTHETIC
wh-0017,heat_pump,3.827188,166.534,49.223,57.89,4.696,0.212519,train,SYNTHETIC
wh-0018,heat_pump,4.820194,211.601,50.039,57.052,5.585,0.18771,train,SYNTHETIC
wh-0019,heat_pump,4.745886,239.294,50.17,57.122,6.483,0.315769,train,SYNTHETIC
wh-0020,heat_pump,4.332408,249.453,50.261,57.753,5.531,0.218352,train,SYNTHETIC
wh-0021,heat_pump,4.349135,237.371,50.251,58.337,4.871,0.358566,train,SYNTHETIC
wh-0022,heat_pump,4.553665,278.497,49.13,58.948,4.528,0.30617,train,SYNTHETIC
wh-0023,heat_pump,4.512242,156.808,49.943,59.973,6.138,0.212695,train,SYNTHETIC
wh-0024,heat_pump,4.205591,238.113,48.771,58.862,6.747,0.203027,train,SYNTHETIC
wh-0025,electric_resistance,5.040561,232.959,50.975,57.672,11.156,0.20305,train,SYNTHETIC
wh-0026,heat_pump,3.981228,215.817,48.767,59.771,4.237,0.242924,train,SYNTHETIC
wh-0027,heat_pump,4.784969,193.865,48.725,57.873,6.431,0.183444,train,SYNTHETIC
wh-0028,heat_pump,4.902946,198.538,49.09,58.592,5.22,0.29682,train,SYNTHETIC
wh-0029,electric_resistance,4.947146,241.629,48.04,57.025,7.098,0.212754,train,SYNTHETIC
wh-0030,heat_pump,4.564807,193.916,50.916,59.989,5.661,0.201121,train,SYNTHETIC
wh-0031,heat_pump,4.261176,150.988,48.008,59.599,5.617,0.235875,train,SYNTHETIC
wh-0032,heat_pump,4.854181,259.366,48.707,57.655,5.972,0.301612,train,SYNTHETIC
wh-0033,electric_resistance,4.499061,250.893,49.172,60.483,7.991,0.210354,train,SYNTHETIC
wh-0034,electric_resistance,5.359714,268.979,49.875,58.623,8.308,0.261978,train,SYNTHETIC
wh-0035,heat_pump,3.979798,153.535,49.694,59.753,6.313,0.314678,train,SYNTHETIC
wh-0036,heat_pump,3.882347,229.299,49.114,57.45,6.939,0.235724,train,SYNTHETIC
wh-0037,electric_resistance,4.233503,192.233,49.4,57.449,11.259,0.155148,train,SYNTHETIC
wh-0038,electric_resistance,4.580962,154.733,48.341,59.441,9.404,0.254219,train,SYNTHETIC
wh-0039,electric_resistance,5.393771,265.567,50.622,60.679,9.473,0.272042,train,SYNTHETIC
wh-0040,electric_resistance,4.625755,281.568,49.582,60.236,8.004,0.235182,train,SYNTHETIC
wh-0041,electric_resistance,5.268506,256.385,49.64,58.658,10.348,0.225455,train,SYNTHETIC
wh-0042,heat_pump,4.783382,263.096,50.758,59.93,5.723,0.348609,train,SYNTHETIC
wh-0043,heat_pump,4.696191,251.116,49.827,60.108,6.024,0.22324,train,SYNTHETIC
wh-0044,heat_pump,4.099168,168.98,48.892,58.101,4.595,0.273479,train,SYNTHETIC
wh-0045,heat_pump,4.864824,276.766,48.916,60.027,4.905,0.314998,train,SYNTHETIC
wh-0046,electric_resistance,4.848517,183.023,48.917,57.424,11.174,0.220126,train,SYNTHETIC
wh-0047,heat_pump,4.169675,258.642,49.349,60.065,5.167,0.221665,train,SYNTHETIC
wh-0048,electric_resistance,5.312259,223.145,49.703,58.138,7.735,0.131357,train,SYNTHETIC
wh-0049,heat_pump,4.202877,153.285,49.553,57.007,4.385,0.197042,train,SYNTHETIC
wh-0050,heat_pump,4.61239,180.097,49.18,60.055,6.193,0.237465,train,SYNTHETIC
wh-0051,heat_pump,4.611762,235.613,49.961,58.603,5.071,0.207723,train,SYNTHETIC
wh-0052,heat_pump,4.048168,208.921,48.445,60.312,4.282,0.315216,train,SYNTHETIC
wh-0053,electric_resistance,4.026946,295.659,48.647,60.816,8.002,0.188501,train,SYNTHETIC
wh-0054,heat_pump,4.713731,225.373,50.587,58.509,6.526,0.372894,train,SYNTHETIC
wh-0055,electric_resistance,4.366707,161.926,48.793,60.641,9.928,0.181182,train,SYNTHETIC
wh-0056,heat_pump,3.889418,243.669,50.129,58.655,4.122,0.226211,train,SYNTHETIC
wh-0057,heat_pump,4.054766,263.562,50.978,57.785,6.161,0.246822,train,SYNTHETIC
wh-0058,heat_pump,4.005545,152.574,49.355,58.555,6.764,0.250801,train,SYNTHETIC
wh-0059,electric_resistance,5.197322,294.424,50.748,59.281,11.241,0.275971,train,SYNTHETIC
wh-0060,heat_pump,3.805412,182.86,50.75,60.771,4.584,0.335119,train,SYNTHETIC
wh-0061,heat_pump,4.599225,179.944,48.839,58.898,4.479,0.250828,train,SYNTHETIC
wh-0062,heat_pump,4.451681,153.007,49.223,57.684,5.169,0.325545,train,SYNTHETIC
wh-0063,electric_resistance,5.030273,195.182,49.541,58.425,11.003,0.228859,train,SYNTHETIC
wh-0064,heat_pump,3.855072,232.989,50.883,58.571,6.334,0.245462,train,SYNTHETIC
wh-0065,electric_resistance,5.406414,193.928,48.356,57.196,7.362,0.280705,train,SYNTHETIC
wh-0066,heat_pump,4.563688,210.407,48.05,60.966,5.673,0.237776,train,SYNTHETIC
wh-0067,electric_resistance,5.152556,151.48,49.509,57.906,11.237,0.208534,train,SYNTHETIC
wh-0068,electric_resistance,4.197361,228.32,48.794,59.421,7.124,0.176951,train,SYNTHETIC
wh-0069,heat_pump,3.927467,185.349,48.853,57.186,5.899,0.243336,train,SYNTHETIC
wh-0070,heat_pump,4.762596,158.244,49.211,60.805,5.674,0.378973,train,SYNTHETIC
wh-0071,heat_pump,4.189846,154.173,49.647,57.706,6.721,0.288506,train,SYNTHETIC
wh-0072,heat_pump,3.880431,243.011,49.509,57.346,5.587,0.258832,train,SYNTHETIC
wh-0073,heat_pump,4.081701,159.337,50.7,57.947,4.268,0.212767,train,SYNTHETIC
wh-0074,heat_pump,4.416314,189.21,50.34,58.683,5.594,0.230301,train,SYNTHETIC
wh-0075,heat_pump,4.907414,241.102,49.44,58.846,5.883,0.244005,train,SYNTHETIC
wh-0076,electric_resistance,5.029038,164.24,48.96,59.354,11.968,0.284419,train,SYNTHETIC
wh-0077,heat_pump,4.459557,172.825,50.213,61.0,4.733,0.30948,train,SYNTHETIC
wh-0078,heat_pump,4.477916,207.737,48.735,59.082,4.822,0.312674,train,SYNTHETIC
wh-0079,electric_resistance,4.071642,290.608,48.218,58.278,7.863,0.174401,train,SYNTHETIC
wh-0080,electric_resistance,4.588847,184.797,49.747,59.44,7.898,0.223922,train,SYNTHETIC
wh-0081,heat_pump,4.750743,207.637,48.082,59.235,4.854,0.277436,train,SYNTHETIC
wh-0082,heat_pump,4.846808,183.689,49.267,57.599,4.417,0.269384,train,SYNTHETIC
wh-0083,electric_resistance,4.59329,157.502,49.371,58.18,10.082,0.219223,train,SYNTHETIC
wh-0084,heat_pump,4.475826,265.762,48.511,59.009,5.151,0.234933,train,SYNTHETIC
wh-0085,heat_pump,4.924527,261.005,48.79,60.179,5.696,0.314987,train,SYNTHETIC
wh-0086,heat_pump,4.038719,212.551,48.853,57.852,4.985,0.274481,train,SYNTHETIC
wh-0087,heat_pump,4.922147,289.205,48.039,58.951,5.902,0.285519,train,SYNTHETIC
wh-0088,electric_resistance,4.354327,212.648,49.426,58.974,11.643,0.125975,train,SYNTHETIC
wh-0089,heat_pump,4.348783,212.971,49.188,58.467,4.386,0.182256,train,SYNTHETIC
wh-0090,heat_pump,3.808081,191.198,48.071,57.316,5.197,0.239797,train,SYNTHETIC
wh-0091,heat_pump,4.900206,291.319,49.814,60.59,6.949,0.249477,train,SYNTHETIC
wh-0092,electric_resistance,5.394351,264.773,49.642,58.11,8.21,0.195139,train,SYNTHETIC
wh-0093,electric_resistance,4.663045,268.485,50.174,58.168,9.845,0.13678,train,SYNTHETIC
wh-0094,electric_resistance,4.278282,257.554,49.991,58.908,10.743,0.16402,train,SYNTHETIC
wh-0095,heat_pump,3.900239,249.379,49.687,60.685,6.058,0.212906,train,SYNTHETIC
wh-0096,electric_resistance,5.195064,191.829,50.989,57.953,9.268,0.268414,train,SYNTHETIC
wh-0097,heat_pump,4.055794,160.37,48.384,58.369,4.112,0.292473,train,SYNTHETIC
wh-0098,electric_resistance,4.667862,189.153,49.169,59.407,10.645,0.188698,train,SYNTHETIC
wh-0099,heat_pump,3.849383,244.297,48.827,60.914,6.134,0.182662,train,SYNTHETIC
wh-0100,electric_resistance,4.407311,174.791,50.555,57.121,10.814,0.156189,train,SYNTHETIC
wh-0101,electric_resistance,4.464411,243.742,50.64,60.187,10.613,0.155305,train,SYNTHETIC
wh-0102,heat_pump,3.803178,295.417,48.184,60.494,5.895,0.21463,train,SYNTHETIC
wh-0103,electric_resistance,5.295133,238.391,48.995,58.968,9.874,0.240334,train,SYNTHETIC
wh-0104,electric_resistance,5.398011,277.035,48.399,59.498,8.215,0.251593,train,SYNTHETIC
wh-0105,electric_resistance,5.341249,234.533,50.945,57.048,10.366,0.137242,train,SYNTHETIC
wh-0106,electric_resistance,4.249401,245.814,48.208,58.883,10.029,0.199736,train,SYNTHETIC
wh-0107,heat_pump,4.949655,261.04,50.469,59.339,4.616,0.356618,train,SYNTHETIC
wh-0108,heat_pump,4.461102,245.015,49.335,59.879,5.11,0.37925,train,SYNTHETIC
wh-0109,heat_pump,4.054287,236.825,49.954,59.947,5.331,0.341341,train,SYNTHETIC
wh-0110,electric_resistance,4.885435,248.859,50.646,57.258,8.536,0.180626,train,SYNTHETIC
wh-0111,electric_resistance,4.277812,180.78,48.587,57.893,9.817,0.293727,train,SYNTHETIC
wh-0112,heat_pump,4.090462,218.996,49.563,57.737,6.182,0.36117,train,SYNTHETIC
wh-0113,electric_resistance,4.363633,236.452,50.46,59.937,10.725,0.180507,train,SYNTHETIC
wh-0114,heat_pump,4.115252,207.648,48.64,58.565,6.931,0.322359,train,SYNTHETIC
wh-0115,heat_pump,4.120664,196.087,48.319,58.508,5.704,0.322822,train,SYNTHETIC
wh-0116,electric_resistance,5.002762,211.407,50.215,60.829,10.606,0.263428,train,SYNTHETIC
wh-0117,electric_resistance,4.470268,209.464,49.44,57.954,11.953,0.16395,train,SYNTHETIC
wh-0118,heat_pump,4.259746,212.257,50.396,57.048,6.956,0.317707,train,SYNTHETIC
wh-0119,heat_pump,4.263348,270.953,49.779,57.812,6.965,0.243368,train,SYNTHETIC
wh-0120,heat_pump,4.950604,176.65,50.608,58.997,4.216,0.33176,train,SYNTHETIC
wh-0121,heat_pump,4.868059,229.994,50.252,57.109,6.304,0.204029,train,SYNTHETIC
wh-0122,heat_pump,4.308045,228.154,48.261,57.344,4.298,0.22308,train,SYNTHETIC
wh-0123,heat_pump,4.501999,162.446,48.918,58.677,4.213,0.247699,train,SYNTHETIC
wh-0124,electric_resistance,5.401455,170.544,48.865,57.57,8.247,0.286921,train,SYNTHETIC
wh-0125,electric_resistance,4.959016,213.956,48.86,60.11,11.072,0.135472,train,SYNTHETIC
wh-0126,heat_pump,4.741556,222.067,50.203,58.838,4.319,0.25835,train,SYNTHETIC
wh-0127,heat_pump,4.97961,169.641,49.977,60.986,5.946,0.354926,train,SYNTHETIC
wh-0128,heat_pump,4.918792,201.174,50.933,60.041,4.035,0.355048,train,SYNTHETIC
wh-0129,electric_resistance,4.596909,194.035,48.386,57.486,9.961,0.278128,train,SYNTHETIC
wh-0130,electric_resistance,4.249886,282.573,48.311,59.143,9.804,0.283049,train,SYNTHETIC
wh-0131,heat_pump,4.450484,252.154,50.949,59.868,5.332,0.208644,train,SYNTHETIC
wh-0132,electric_resistance,5.288346,152.872,50.341,60.618,10.972,0.189045,train,SYNTHETIC
wh-0133,heat_pump,3.924218,232.948,49.074,57.304,4.251,0.252549,train,SYNTHETIC
wh-0134,heat_pump,4.906515,263.825,50.235,60.441,5.54,0.330924,train,SYNTHETIC
wh-0135,heat_pump,3.834584,278.578,49.586,57.341,5.282,0.234877,train,SYNTHETIC
wh-0136,heat_pump,4.94051,181.661,48.926,59.394,4.358,0.346699,train,SYNTHETIC
wh-0137,heat_pump,4.2914,188.536,48.155,58.431,5.278,0.366041,train,SYNTHETIC
wh-0138,heat_pump,4.609287,152.722,48.796,58.47,6.685,0.296824,train,SYNTHETIC
wh-0139,heat_pump,4.670379,173.309,48.968,60.388,4.783,0.190836,train,SYNTHETIC
wh-0140,heat_pump,4.795235,247.538,50.183,59.682,5.709,0.204304,train,SYNTHETIC
wh-0141,electric_resistance,4.212313,292.915,48.0,59.723,7.922,0.27435,train,SYNTHETIC
wh-0142,electric_resistance,4.677631,240.274,49.132,60.332,11.278,0.168188,train,SYNTHETIC
wh-0143,heat_pump,3.804699,169.902,48.599,58.792,6.882,0.36125,train,SYNTHETIC
wh-0144,heat_pump,3.927011,174.675,48.716,60.955,4.067,0.194689,train,SYNTHETIC
wh-0145,electric_resistance,4.177561,174.88,48.71,58.397,7.403,0.240675,train,SYNTHETIC
wh-0146,heat_pump,4.145033,258.842,50.629,59.758,5.504,0.262002,train,SYNTHETIC
wh-0147,electric_resistance,4.632988,280.493,50.829,58.649,10.86,0.215109,train,SYNTHETIC
wh-0148,heat_pump,4.869004,218.331,48.114,57.757,6.128,0.226937,train,SYNTHETIC
wh-0149,electric_resistance,5.449733,213.978,49.879,58.442,7.226,0.213386,train,SYNTHETIC
wh-0150,heat_pump,4.381338,183.334,49.514,59.998,4.084,0.331541,train,SYNTHETIC
wh-0151,heat_pump,4.742268,234.578,50.847,60.263,4.995,0.309389,train,SYNTHETIC
wh-0152,heat_pump,4.111762,188.912,48.292,60.589,5.514,0.196455,train,SYNTHETIC
wh-0153,electric_resistance,4.943264,251.882,48.318,60.099,8.26,0.21865,train,SYNTHETIC
wh-0154,electric_resistance,4.409532,193.87,48.891,57.034,11.757,0.179155,train,SYNTHETIC
wh-0155,heat_pump,3.933165,286.909,48.774,58.216,6.107,0.224279,train,SYNTHETIC
wh-0156,electric_resistance,4.546222,222.608,50.741,60.254,11.506,0.13516,train,SYNTHETIC
wh-0157,heat_pump,4.972274,155.909,48.657,59.483,5.418,0.319005,train,SYNTHETIC
wh-0158,electric_resistance,5.464621,252.621,49.716,58.972,8.191,0.234163,train,SYNTHETIC
wh-0159,heat_pump,4.256977,222.227,50.212,59.699,6.524,0.304137,train,SYNTHETIC
wh-0160,heat_pump,4.856583,163.584,49.153,57.452,6.906,0.334663,train,SYNTHETIC
wh-0161,heat_pump,3.819354,277.436,49.904,58.365,4.096,0.353838,train,SYNTHETIC
wh-0162,electric_resistance,4.242918,150.293,49.04,58.485,11.341,0.14745,train,SYNTHETIC
wh-0163,electric_resistance,4.11051,205.589,48.33,58.58,7.617,0.131138,train,SYNTHETIC
wh-0164,electric_resistance,4.751456,154.86,50.314,60.978,9.914,0.14874,train,SYNTHETIC
wh-0165,electric_resistance,4.517893,151.131,50.713,58.629,11.472,0.130235,train,SYNTHETIC
wh-0166,electric_resistance,5.227356,268.173,50.652,60.987,7.378,0.216646,train,SYNTHETIC
wh-0167,electric_resistance,4.193724,174.722,49.717,57.751,11.087,0.214247,train,SYNTHETIC
wh-0168,heat_pump,4.672825,265.63,50.091,58.278,6.693,0.365993,train,SYNTHETIC
wh-0169,electric_resistance,4.000591,219.091,48.533,58.663,8.495,0.181172,train,SYNTHETIC
wh-0170,heat_pump,4.474375,233.092,48.774,60.376,5.925,0.339305,train,SYNTHETIC
wh-0171,heat_pump,4.063463,287.051,49.97,60.811,4.249,0.221096,train,SYNTHETIC
wh-0172,heat_pump,3.814963,281.09,50.739,57.087,6.817,0.295995,train,SYNTHETIC
wh-0173,heat_pump,3.95573,239.365,49.327,57.218,5.284,0.188365,train,SYNTHETIC
wh-0174,heat_pump,4.75206,228.777,48.877,57.124,5.32,0.183071,train,SYNTHETIC
wh-0175,electric_resistance,4.624992,257.626,48.335,60.023,7.529,0.287454,train,SYNTHETIC
wh-0176,electric_resistance,5.285744,158.149,48.867,60.523,8.673,0.210583,train,SYNTHETIC
wh-0177,electric_resistance,4.819902,211.274,50.72,57.097,11.849,0.204573,train,SYNTHETIC
wh-0178,electric_resistance,5.173989,200.963,50.393,57.204,10.426,0.290529,train,SYNTHETIC
wh-0179,heat_pump,3.851557,159.382,50.8,60.182,6.589,0.290154,train,SYNTHETIC
wh-0180,heat_pump,4.297172,185.245,50.597,57.195,4.624,0.191993,train,SYNTHETIC
wh-0181,heat_pump,4.37569,295.316,50.649,58.72,6.613,0.181867,train,SYNTHETIC
wh-0182,electric_resistance,4.138566,232.91,48.688,57.154,10.029,0.218649,train,SYNTHETIC
wh-0183,heat_pump,4.088625,208.74,48.175,59.044,6.139,0.268424,train,SYNTHETIC
wh-0184,heat_pump,4.235803,214.262,50.588,59.842,5.42,0.321733,train,SYNTHETIC
wh-0185,heat_pump,4.175799,265.91,49.646,57.436,4.796,0.326183,train,SYNTHETIC
wh-0186,heat_pump,4.125281,281.945,48.423,60.558,6.844,0.323701,train,SYNTHETIC
wh-0187,electric_resistance,4.230024,171.964,48.748,60.473,8.553,0.231749,train,SYNTHETIC
wh-0188,heat_pump,4.18843,294.121,50.558,58.728,6.485,0.290328,train,SYNTHETIC
wh-0189,electric_resistance,4.468105,223.545,48.16,58.642,9.535,0.1703,train,SYNTHETIC
wh-0190,heat_pump,4.689473,275.14,49.007,60.352,6.652,0.211344,train,SYNTHETIC
wh-0191,electric_resistance,4.606697,250.819,49.818,59.488,7.578,0.287353,train,SYNTHETIC
wh-0192,heat_pump,4.563606,222.591,49.454,60.367,4.873,0.363946,train,SYNTHETIC
wh-0193,electric_resistance,4.832202,242.087,50.297,58.039,11.416,0.295399,train,SYNTHETIC
wh-0194,electric_resistance,4.262737,278.612,48.771,60.725,8.03,0.164409,train,SYNTHETIC
wh-0195,heat_pump,4.369925,247.246,50.153,57.186,6.941,0.208139,train,SYNTHETIC
wh-0196,heat_pump,4.439892,295.301,49.689,58.831,6.435,0.29508,train,SYNTHETIC
wh-0197,heat_pump,4.995297,235.055,48.852,59.107,6.72,0.31254,train,SYNTHETIC
wh-0198,electric_resistance,4.519573,265.875,49.923,59.809,7.543,0.290725,train,SYNTHETIC
wh-0199,electric_resistance,4.954948,262.157,49.547,60.259,7.734,0.239903,train,SYNTHETIC
wh-0200,heat_pump,4.727754,225.581,48.814,58.658,5.387,0.252991,train,SYNTHETIC
wh-0201,heat_pump,4.615262,286.692,49.347,58.419,6.565,0.322952,train,SYNTHETIC
wh-0202,heat_pump,4.749239,184.937,50.442,59.957,6.6,0.375293,train,SYNTHETIC
wh-0203,heat_pump,4.140465,202.631,50.976,58.97,4.954,0.262545,train,SYNTHETIC
wh-0204,heat_pump,4.045698,172.527,50.23,58.714,4.336,0.210195,train,SYNTHETIC
wh-0205,electric_resistance,4.710326,267.181,48.478,57.306,9.374,0.244182,train,SYNTHETIC
wh-0206,heat_pump,4.44139,234.419,50.18,60.099,6.523,0.331321,train,SYNTHETIC
wh-0207,electric_resistance,4.382676,203.068,48.448,60.222,8.322,0.150079,train,SYNTHETIC
wh-0208,electric_resistance,5.041659,151.886,48.358,57.65,11.889,0.207347,train,SYNTHETIC
wh-0209,heat_pump,3.932271,206.548,48.704,57.114,6.965,0.310733,train,SYNTHETIC
wh-0210,heat_pump,4.04678,221.758,50.839,59.855,6.532,0.354847,train,SYNTHETIC
wh-0211,electric_resistance,4.754558,233.928,48.192,57.964,8.403,0.259468,train,SYNTHETIC
wh-0212,heat_pump,4.685362,268.647,50.353,59.051,6.315,0.232133,train,SYNTHETIC
wh-0213,heat_pump,3.861697,156.236,48.102,58.282,4.039,0.262839,train,SYNTHETIC
wh-0214,electric_resistance,5.149137,281.927,48.133,60.522,8.741,0.193571,train,SYNTHETIC
wh-0215,electric_resistance,4.365288,223.539,50.084,58.227,7.648,0.296734,train,SYNTHETIC
wh-0216,heat_pump,4.051571,259.359,49.647,57.246,5.068,0.183664,train,SYNTHETIC
wh-0217,heat_pump,4.221372,258.674,49.942,60.504,5.676,0.339044,train,SYNTHETIC
wh-0218,electric_resistance,4.950262,228.005,48.241,58.273,7.448,0.187393,train,SYNTHETIC
wh-0219,heat_pump,3.827136,164.253,50.294,57.454,5.165,0.289584,train,SYNTHETIC
wh-0220,heat_pump,4.147296,217.441,48.21,59.064,5.094,0.342256,train,SYNTHETIC
wh-0221,electric_resistance,4.686524,263.485,50.384,59.126,7.1,0.179459,train,SYNTHETIC
wh-0222,electric_resistance,5.377503,206.703,48.46,58.373,8.451,0.21968,train,SYNTHETIC
wh-0223,electric_resistance,4.881535,179.777,48.516,59.246,8.807,0.25864,train,SYNTHETIC
wh-0224,heat_pump,4.715877,255.99,50.351,59.638,4.472,0.373006,train,SYNTHETIC
wh-0225,heat_pump,4.925434,209.32,49.29,58.215,4.727,0.306642,train,SYNTHETIC
wh-0226,heat_pump,4.654885,173.473,50.703,58.457,5.863,0.257538,train,SYNTHETIC
wh-0227,electric_resistance,4.66166,291.298,48.316,60.988,9.114,0.152874,train,SYNTHETIC
wh-0228,heat_pump,4.865508,215.581,49.388,60.025,5.105,0.379556,train,SYNTHETIC
wh-0229,heat_pump,4.369006,211.2,49.986,60.518,6.576,0.372796,train,SYNTHETIC
wh-0230,heat_pump,4.813697,235.375,49.374,60.158,5.003,0.341732,train,SYNTHETIC
wh-0231,heat_pump,3.974981,192.49,49.659,60.801,6.982,0.342175,train,SYNTHETIC
wh-0232,heat_pump,4.341644,248.179,50.629,57.822,4.695,0.270209,train,SYNTHETIC
wh-0233,electric_resistance,4.302718,259.902,50.321,60.513,9.882,0.151521,train,SYNTHETIC
wh-0234,heat_pump,4.475679,171.719,48.972,58.597,6.869,0.31415,train,SYNTHETIC
wh-0235,electric_resistance,4.85006,183.311,50.619,60.94,8.157,0.262461,train,SYNTHETIC
wh-0236,heat_pump,4.107592,197.391,50.971,58.939,6.476,0.277534,train,SYNTHETIC
wh-0237,heat_pump,4.46124,273.523,49.715,58.809,6.922,0.312034,train,SYNTHETIC
wh-0238,heat_pump,4.523632,185.516,50.546,60.532,4.33,0.20672,train,SYNTHETIC
wh-0239,heat_pump,4.710827,221.61,50.024,60.31,5.407,0.202644,train,SYNTHETIC
wh-0240,heat_pump,4.645687,164.49,49.516,57.291,4.309,0.331076,train,SYNTHETIC
wh-0241,heat_pump,4.489594,278.542,50.281,60.586,6.651,0.325296,train,SYNTHETIC
wh-0242,heat_pump,4.448109,247.344,49.251,57.512,5.332,0.3289,train,SYNTHETIC
wh-0243,heat_pump,4.142281,239.228,49.194,58.038,5.653,0.306936,train,SYNTHETIC
wh-0244,heat_pump,4.518115,153.306,49.942,60.623,6.214,0.193521,train,SYNTHETIC
wh-0245,electric_resistance,4.186012,191.263,49.441,60.666,7.057,0.200875,train,SYNTHETIC
wh-0246,heat_pump,3.956733,152.257,49.023,57.562,4.883,0.358503,train,SYNTHETIC
wh-0247,electric_resistance,4.400415,159.506,48.472,59.187,7.489,0.258489,train,SYNTHETIC
wh-0248,heat_pump,4.8152,159.625,50.162,57.623,6.189,0.343621,train,SYNTHETIC
wh-0249,heat_pump,4.006079,161.361,50.783,59.901,5.638,0.235259,train,SYNTHETIC
wh-0250,electric_resistance,4.066851,295.577,49.843,60.873,11.04,0.220304,train,SYNTHETIC
wh-0251,electric_resistance,4.627362,241.068,49.066,57.584,10.221,0.243693,train,SYNTHETIC
wh-0252,heat_pump,4.677785,167.825,50.235,57.911,4.664,0.354169,train,SYNTHETIC
wh-0253,heat_pump,4.441226,255.803,50.547,57.97,6.071,0.190414,train,SYNTHETIC
wh-0254,electric_resistance,5.176123,297.91,49.518,58.955,10.414,0.229903,train,SYNTHETIC
wh-0255,electric_resistance,4.051429,274.687,49.692,57.722,7.416,0.167721,train,SYNTHETIC
wh-0256,electric_resistance,5.101039,274.28,48.034,57.254,9.853,0.170248,train,SYNTHETIC
wh-0257,heat_pump,3.918229,253.999,48.254,58.393,5.2,0.237355,train,SYNTHETIC
wh-0258,electric_resistance,4.060808,238.941,50.462,57.676,7.301,0.125562,train,SYNTHETIC
wh-0259,heat_pump,4.502973,150.408,48.411,60.235,4.484,0.353351,train,SYNTHETIC
wh-0260,heat_pump,3.952199,293.863,50.937,59.642,5.507,0.367838,train,SYNTHETIC
wh-0261,electric_resistance,4.583619,249.576,48.288,59.409,10.349,0.128657,train,SYNTHETIC
wh-0262,heat_pump,4.556189,152.257,50.257,58.253,5.713,0.272739,train,SYNTHETIC
wh-0263,heat_pump,4.821074,209.702,50.637,59.067,6.944,0.284938,train,SYNTHETIC
wh-0264,heat_pump,4.368138,189.654,49.32,58.12,6.395,0.25038,train,SYNTHETIC
wh-0265,electric_resistance,5.010114,154.261,50.305,60.234,11.267,0.239319,train,SYNTHETIC
wh-0266,electric_resistance,4.582989,186.919,49.253,60.151,10.151,0.297482,train,SYNTHETIC
wh-0267,electric_resistance,4.911227,168.902,50.522,59.525,9.358,0.239716,train,SYNTHETIC
wh-0268,heat_pump,3.808535,230.776,49.791,59.97,6.924,0.370812,train,SYNTHETIC
wh-0269,heat_pump,4.576137,175.043,48.242,57.844,5.277,0.215328,train,SYNTHETIC
wh-0270,electric_resistance,4.157693,178.949,50.915,59.024,10.694,0.196121,train,SYNTHETIC
wh-0271,heat_pump,3.848362,250.761,50.333,59.548,4.819,0.304816,train,SYNTHETIC
wh-0272,electric_resistance,5.30931,203.266,49.488,58.797,10.84,0.225238,train,SYNTHETIC
wh-0273,electric_resistance,4.686782,191.966,48.836,59.211,11.586,0.26972,train,SYNTHETIC
wh-0274,heat_pump,3.93529,164.614,50.97,58.278,4.946,0.201718,train,SYNTHETIC
wh-0275,electric_resistance,5.490144,242.419,50.178,60.429,9.275,0.293432,train,SYNTHETIC
wh-0276,electric_resistance,4.843796,238.817,50.159,58.429,8.166,0.201925,train,SYNTHETIC
wh-0277,heat_pump,3.908088,270.295,48.517,58.181,4.308,0.298811,train,SYNTHETIC
wh-0278,electric_resistance,5.016465,175.975,50.777,58.694,11.597,0.158388,train,SYNTHETIC
wh-0279,heat_pump,3.92226,239.95,48.374,59.74,4.479,0.361352,train,SYNTHETIC
wh-0280,heat_pump,4.277354,229.014,49.463,58.835,5.456,0.293076,train,SYNTHETIC
wh-0281,electric_resistance,4.354706,226.484,49.978,57.89,8.21,0.178194,train,SYNTHETIC
wh-0282,electric_resistance,4.237335,154.654,49.064,57.838,10.252,0.176556,train,SYNTHETIC
wh-0283,electric_resistance,4.88121,255.953,50.954,57.932,10.018,0.242792,train,SYNTHETIC
wh-0284,electric_resistance,4.470582,235.559,48.636,59.972,7.626,0.199756,train,SYNTHETIC
wh-0285,heat_pump,4.951912,150.864,50.177,59.039,5.404,0.245346,train,SYNTHETIC
wh-0286,heat_pump,4.427983,292.675,48.162,60.637,4.26,0.346186,train,SYNTHETIC
wh-0287,heat_pump,3.903966,192.737,49.504,58.162,4.288,0.3316,train,SYNTHETIC
wh-0288,heat_pump,4.544866,225.167,50.549,59.103,5.529,0.355154,train,SYNTHETIC
wh-0289,heat_pump,4.645789,273.474,50.838,59.508,5.921,0.304013,train,SYNTHETIC
wh-0290,electric_resistance,4.837762,289.481,50.386,57.381,10.316,0.23744,train,SYNTHETIC
wh-0291,electric_resistance,5.309614,278.509,49.641,60.556,8.847,0.267593,train,SYNTHETIC
wh-0292,electric_resistance,4.618272,240.892,50.678,60.153,9.142,0.130971,train,SYNTHETIC
wh-0293,electric_resistance,4.490591,262.269,48.008,58.69,9.635,0.172659,train,SYNTHETIC
wh-0294,electric_resistance,4.308507,158.062,50.067,59.316,8.315,0.259268,train,SYNTHETIC
wh-0295,electric_resistance,4.581462,173.467,50.837,60.818,11.854,0.276697,train,SYNTHETIC
wh-0296,heat_pump,4.539247,256.597,50.557,57.136,6.773,0.318388,train,SYNTHETIC
wh-0297,heat_pump,4.914604,155.899,50.239,59.628,5.022,0.302366,train,SYNTHETIC
wh-0298,heat_pump,3.867238,172.51,49.346,60.533,6.493,0.367627,train,SYNTHETIC
wh-0299,heat_pump,4.371824,179.681,49.379,58.777,5.756,0.225126,train,SYNTHETIC
wh-0300,electric_resistance,4.496475,157.203,49.399,57.454,10.942,0.128207,train,SYNTHETIC
wh-0301,heat_pump,3.923902,265.289,48.099,57.544,5.806,0.337861,train,SYNTHETIC
wh-0302,heat_pump,4.671867,274.769,50.658,60.264,6.992,0.345636,train,SYNTHETIC
wh-0303,heat_pump,4.147239,266.847,48.099,60.609,4.223,0.357993,train,SYNTHETIC
wh-0304,electric_resistance,4.591923,183.495,50.995,60.789,10.253,0.263054,train,SYNTHETIC
wh-0305,electric_resistance,4.204806,245.494,48.142,60.993,7.904,0.203154,train,SYNTHETIC
wh-0306,electric_resistance,4.597893,218.928,50.379,59.988,11.472,0.287801,train,SYNTHETIC
wh-0307,heat_pump,4.17594,157.683,50.352,59.57,4.197,0.230898,train,SYNTHETIC
wh-0308,heat_pump,4.190865,180.415,48.319,58.721,4.084,0.366273,train,SYNTHETIC
wh-0309,electric_resistance,4.766502,207.707,49.441,60.303,8.499,0.241013,train,SYNTHETIC
wh-0310,heat_pump,4.794845,296.851,48.804,59.36,4.203,0.274047,train,SYNTHETIC
wh-0311,heat_pump,4.827565,231.144,50.719,59.87,6.587,0.263092,train,SYNTHETIC
wh-0312,heat_pump,3.988147,297.921,50.037,58.808,4.762,0.301756,train,SYNTHETIC
wh-0313,heat_pump,4.994275,267.81,50.013,59.643,5.213,0.258226,train,SYNTHETIC
wh-0314,heat_pump,4.343628,222.317,48.535,58.495,5.049,0.187309,train,SYNTHETIC
wh-0315,heat_pump,4.590004,184.839,50.565,59.471,5.487,0.365987,train,SYNTHETIC
wh-0316,heat_pump,4.101269,287.498,48.275,57.436,5.626,0.288433,train,SYNTHETIC
wh-0317,heat_pump,4.176467,237.208,48.308,60.519,4.74,0.304824,train,SYNTHETIC
wh-0318,electric_resistance,4.542298,288.836,50.649,60.887,8.441,0.257668,train,SYNTHETIC
wh-0319,heat_pump,4.93939,193.994,49.065,58.969,4.379,0.340327,train,SYNTHETIC
wh-0320,heat_pump,4.242723,292.891,48.415,57.719,4.394,0.311594,train,SYNTHETIC
wh-0321,heat_pump,3.803031,162.872,48.902,58.709,5.082,0.276332,train,SYNTHETIC
wh-0322,heat_pump,4.295153,173.341,50.103,60.381,6.552,0.242111,train,SYNTHETIC
wh-0323,heat_pump,4.068528,163.396,50.493,58.887,5.293,0.307743,train,SYNTHETIC
wh-0324,heat_pump,4.455309,281.126,48.888,59.84,5.781,0.207368,train,SYNTHETIC
wh-0325,heat_pump,3.901755,189.982,48.69,58.973,5.302,0.275625,train,SYNTHETIC
wh-0326,heat_pump,4.405734,205.552,49.69,57.206,5.634,0.317533,train,SYNTHETIC
wh-0327,heat_pump,4.645918,198.323,48.828,60.197,5.685,0.307687,train,SYNTHETIC
wh-0328,electric_resistance,4.368212,162.489,49.789,58.244,8.058,0.237088,train,SYNTHETIC
wh-0329,electric_resistance,5.450298,269.901,49.476,58.667,10.02,0.239297,train,SYNTHETIC
wh-0330,electric_resistance,4.992443,200.052,49.766,58.1,9.931,0.208975,train,SYNTHETIC
wh-0331,electric_resistance,4.082331,202.211,50.982,59.488,11.856,0.277742,train,SYNTHETIC
wh-0332,heat_pump,4.3755,187.905,48.049,58.994,5.336,0.367419,train,SYNTHETIC
wh-0333,electric_resistance,4.02997,188.664,50.917,57.363,7.677,0.146938,train,SYNTHETIC
wh-0334,heat_pump,4.110369,177.505,50.124,58.45,6.473,0.3588,train,SYNTHETIC
wh-0335,heat_pump,4.690245,222.463,50.14,59.72,6.038,0.365278,train,SYNTHETIC
wh-0336,electric_resistance,4.144538,215.603,50.646,59.733,11.343,0.13392,train,SYNTHETIC
wh-0337,electric_resistance,4.98669,268.122,48.872,58.636,8.287,0.225037,train,SYNTHETIC
wh-0338,heat_pump,4.79911,271.463,50.584,57.862,4.488,0.217932,train,SYNTHETIC
wh-0339,heat_pump,4.549304,262.366,49.972,60.238,5.418,0.355324,train,SYNTHETIC
wh-0340,electric_resistance,4.19139,170.33,49.18,60.943,10.956,0.26606,train,SYNTHETIC
wh-0341,heat_pump,4.793327,179.672,50.871,57.858,6.328,0.198512,train,SYNTHETIC
wh-0342,electric_resistance,4.118966,195.461,48.593,58.315,11.309,0.215561,train,SYNTHETIC
wh-0343,heat_pump,4.692842,249.333,49.707,60.256,5.204,0.362767,train,SYNTHETIC
wh-0344,heat_pump,4.185573,191.916,48.948,60.714,6.28,0.183827,train,SYNTHETIC
wh-0345,heat_pump,3.859701,268.57,49.481,58.582,5.91,0.343284,train,SYNTHETIC
wh-0346,heat_pump,4.591849,205.473,50.2,60.171,6.374,0.333188,train,SYNTHETIC
wh-0347,heat_pump,3.805762,251.556,49.488,59.992,5.331,0.235356,train,SYNTHETIC
wh-0348,heat_pump,4.576354,156.324,49.741,59.677,4.659,0.35032,train,SYNTHETIC
wh-0349,electric_resistance,4.061273,215.306,49.332,57.611,8.684,0.213122,train,SYNTHETIC
wh-0350,heat_pump,4.109631,258.278,48.43,59.19,4.812,0.282431,train,SYNTHETIC
wh-0351,heat_pump,3.837879,264.867,48.76,59.321,6.652,0.30589,train,SYNTHETIC
wh-0352,heat_pump,4.808752,196.393,48.235,57.535,5.169,0.352517,train,SYNTHETIC
wh-0353,electric_resistance,4.276408,228.148,49.708,58.581,8.163,0.135721,train,SYNTHETIC
wh-0354,heat_pump,3.807098,183.04,49.463,59.066,6.741,0.211807,train,SYNTHETIC
wh-0355,heat_pump,4.318613,209.597,50.185,60.83,4.058,0.21142,train,SYNTHETIC
wh-0356,heat_pump,3.820444,297.293,50.808,58.384,5.434,0.35981,train,SYNTHETIC
wh-0357,electric_resistance,4.563426,276.195,49.968,58.05,9.138,0.162472,train,SYNTHETIC
wh-0358,heat_pump,4.991098,297.681,50.22,60.467,5.297,0.321911,train,SYNTHETIC
wh-0359,heat_pump,4.591587,199.908,48.053,59.523,6.421,0.20318,train,SYNTHETIC
wh-0360,electric_resistance,5.176175,213.364,48.433,60.395,11.784,0.127585,train,SYNTHETIC
wh-0361,electric_resistance,4.743359,248.545,49.273,59.163,9.696,0.180546,train,SYNTHETIC
wh-0362,heat_pump,4.683512,297.171,48.557,57.421,6.203,0.301567,train,SYNTHETIC
wh-0363,heat_pump,4.100641,258.58,49.91,60.719,4.572,0.274497,train,SYNTHETIC
wh-0364,heat_pump,4.811299,184.351,48.448,58.59,5.724,0.19766,train,SYNTHETIC
wh-0365,heat_pump,4.228117,187.961,49.222,57.687,5.466,0.353391,train,SYNTHETIC
wh-0366,heat_pump,4.317545,185.251,49.661,58.278,5.78,0.280808,train,SYNTHETIC
wh-0367,electric_resistance,5.46846,281.48,48.383,58.327,11.389,0.12351,train,SYNTHETIC
wh-0368,electric_resistance,5.230152,230.338,48.533,59.387,7.632,0.176172,train,SYNTHETIC
wh-0369,heat_pump,4.57062,182.326,48.009,58.71,5.314,0.343969,train,SYNTHETIC
wh-0370,heat_pump,4.085019,272.252,48.621,60.891,5.997,0.182932,train,SYNTHETIC
wh-0371,electric_resistance,4.855145,245.07,48.378,59.607,8.932,0.152389,train,SYNTHETIC
wh-0372,heat_pump,4.298215,288.733,50.313,59.815,4.243,0.202635,train,SYNTHETIC
wh-0373,heat_pump,4.993989,259.073,49.754,57.549,4.217,0.347611,train,SYNTHETIC
wh-0374,heat_pump,4.232494,231.349,50.113,60.518,4.866,0.333886,train,SYNTHETIC
wh-0375,heat_pump,4.06033,208.361,50.855,58.715,6.274,0.339316,train,SYNTHETIC
wh-0376,heat_pump,4.721558,223.738,48.723,58.726,6.396,0.318623,train,SYNTHETIC
wh-0377,heat_pump,4.004367,229.355,48.708,57.685,4.652,0.182875,train,SYNTHETIC
wh-0378,heat_pump,4.051281,245.254,48.541,58.333,6.26,0.204742,train,SYNTHETIC
wh-0379,heat_pump,4.919145,270.897,50.234,60.601,5.847,0.202044,train,SYNTHETIC
wh-0380,heat_pump,3.995111,182.349,50.861,58.0,6.325,0.363182,train,SYNTHETIC
wh-0381,heat_pump,3.972066,219.263,49.775,57.22,6.265,0.218114,train,SYNTHETIC
wh-0382,heat_pump,4.189039,293.51,48.899,57.625,5.806,0.276195,train,SYNTHETIC
wh-0383,heat_pump,4.585288,254.527,50.643,59.09,4.966,0.285775,train,SYNTHETIC
wh-0384,heat_pump,4.829399,271.217,50.918,60.747,5.833,0.317108,train,SYNTHETIC
wh-0385,electric_resistance,4.688796,260.296,50.876,58.701,11.977,0.125415,train,SYNTHETIC
wh-0386,electric_resistance,4.790482,193.707,48.858,59.1,8.095,0.282485,train,SYNTHETIC
wh-0387,heat_pump,4.606362,186.926,50.165,58.428,4.683,0.344347,train,SYNTHETIC
wh-0388,electric_resistance,4.102248,244.92,50.705,60.909,7.84,0.168556,train,SYNTHETIC
wh-0389,electric_resistance,4.573077,158.238,50.701,60.634,9.963,0.206386,train,SYNTHETIC
wh-0390,electric_resistance,4.298021,267.835,48.84,60.662,10.561,0.245309,train,SYNTHETIC
wh-0391,heat_pump,3.853967,266.084,48.491,57.11,4.03,0.253261,train,SYNTHETIC
wh-0392,heat_pump,4.34667,188.73,48.13,60.546,6.37,0.301411,train,SYNTHETIC
wh-0393,heat_pump,4.788018,214.949,48.937,57.724,4.764,0.220276,train,SYNTHETIC
wh-0394,heat_pump,4.547538,261.277,49.965,57.988,4.725,0.290886,train,SYNTHETIC
wh-0395,electric_resistance,4.389926,279.528,50.56,57.389,8.375,0.215833,train,SYNTHETIC
wh-0396,electric_resistance,4.433704,245.92,49.549,58.72,8.603,0.16268,train,SYNTHETIC
wh-0397,heat_pump,4.230415,280.616,50.11,60.115,5.192,0.264027,train,SYNTHETIC
wh-0398,heat_pump,4.987495,199.551,48.79,59.603,6.255,0.268235,train,SYNTHETIC
wh-0399,electric_resistance,4.442103,217.564,48.682,57.14,7.009,0.188264,train,SYNTHETIC
wh-0400,electric_resistance,5.109359,230.057,48.562,57.713,8.558,0.268364,train,SYNTHETIC
wh-0401,electric_resistance,5.465537,281.066,48.682,59.379,9.8,0.175657,train,SYNTHETIC
wh-0402,heat_pump,4.809736,230.034,50.771,57.716,6.65,0.245134,train,SYNTHETIC
wh-0403,electric_resistance,4.444153,224.588,50.878,58.78,8.07,0.154834,train,SYNTHETIC
wh-0404,electric_resistance,4.506941,239.665,49.015,59.017,9.489,0.176728,train,SYNTHETIC
wh-0405,electric_resistance,4.878936,257.964,48.273,59.356,9.061,0.188712,train,SYNTHETIC
wh-0406,electric_resistance,4.82951,296.859,48.364,57.738,8.22,0.169649,train,SYNTHETIC
wh-0407,heat_pump,4.339353,299.386,49.179,58.423,4.687,0.369492,train,SYNTHETIC
wh-0408,heat_pump,4.186795,259.277,49.814,57.456,5.63,0.35055,train,SYNTHETIC
wh-0409,heat_pump,3.889205,297.985,50.951,57.659,6.529,0.336618,train,SYNTHETIC
wh-0410,electric_resistance,4.044696,192.038,49.228,58.73,11.347,0.211664,train,SYNTHETIC
wh-0411,heat_pump,3.824215,267.875,49.426,59.896,4.125,0.187388,train,SYNTHETIC
wh-0412,heat_pump,4.889744,176.924,48.014,58.287,6.422,0.275351,train,SYNTHETIC
wh-0413,heat_pump,4.552614,199.744,48.237,57.554,6.893,0.272702,train,SYNTHETIC
wh-0414,heat_pump,3.876085,242.364,48.522,58.243,6.619,0.358023,train,SYNTHETIC
wh-0415,electric_resistance,4.060818,169.277,50.301,57.269,11.331,0.225219,train,SYNTHETIC
wh-0416,heat_pump,4.558677,297.986,50.123,59.389,6.749,0.224503,train,SYNTHETIC
wh-0417,heat_pump,3.859457,178.399,50.345,59.065,6.287,0.276875,train,SYNTHETIC
wh-0418,heat_pump,4.979965,297.751,48.877,58.285,6.836,0.354565,train,SYNTHETIC
wh-0419,electric_resistance,4.770365,287.353,49.985,57.55,9.743,0.223462,train,SYNTHETIC
wh-0420,electric_resistance,4.208678,264.201,48.934,60.211,9.357,0.123115,train,SYNTHETIC
wh-0421,electric_resistance,4.811249,181.957,48.366,58.478,7.376,0.170747,train,SYNTHETIC
wh-0422,heat_pump,4.332893,233.16,50.588,60.345,6.348,0.287254,train,SYNTHETIC
wh-0423,heat_pump,4.294198,189.352,50.461,59.736,5.797,0.28509,train,SYNTHETIC
wh-0424,heat_pump,4.811268,198.223,48.196,57.426,5.923,0.316777,train,SYNTHETIC
wh-0425,electric_resistance,5.182609,183.271,49.237,60.752,8.483,0.186886,train,SYNTHETIC
wh-0426,heat_pump,4.001118,186.696,50.418,60.926,5.275,0.278984,train,SYNTHETIC
wh-0427,electric_resistance,5.117698,292.43,49.24,57.518,10.133,0.285616,train,SYNTHETIC
wh-0428,heat_pump,4.316245,229.583,49.747,58.322,4.04,0.331139,train,SYNTHETIC
wh-0429,electric_resistance,4.087957,203.002,49.124,59.52,7.162,0.206452,train,SYNTHETIC
wh-0430,heat_pump,4.471049,195.766,50.798,59.082,4.116,0.371703,train,SYNTHETIC
wh-0431,heat_pump,4.189624,204.812,50.342,57.997,6.307,0.200603,train,SYNTHETIC
wh-0432,electric_resistance,5.064469,177.102,48.117,60.799,11.381,0.177914,train,SYNTHETIC
wh-0433,heat_pump,3.801592,299.0,48.181,59.198,6.473,0.269957,train,SYNTHETIC
wh-0434,electric_resistance,5.252478,272.147,48.601,57.394,10.585,0.18229,train,SYNTHETIC
wh-0435,electric_resistance,4.450781,230.119,50.988,58.057,11.008,0.18316,train,SYNTHETIC
wh-0436,heat_pump,4.21633,227.269,49.724,57.311,5.987,0.192551,train,SYNTHETIC
wh-0437,electric_resistance,4.952212,248.887,49.089,58.681,7.36,0.205785,train,SYNTHETIC
wh-0438,heat_pump,4.971738,189.576,49.741,57.657,4.944,0.230775,train,SYNTHETIC
wh-0439,electric_resistance,4.592049,189.675,49.048,60.46,7.259,0.131925,train,SYNTHETIC
wh-0440,heat_pump,4.09672,186.724,48.385,60.591,5.617,0.379052,train,SYNTHETIC
wh-0441,heat_pump,4.236898,292.564,50.444,60.01,6.811,0.369648,train,SYNTHETIC
wh-0442,electric_resistance,5.476546,271.677,50.637,57.56,11.173,0.15734,train,SYNTHETIC
wh-0443,heat_pump,4.426433,192.274,48.81,58.645,5.029,0.290684,train,SYNTHETIC
wh-0444,electric_resistance,4.373783,164.402,49.198,59.968,7.934,0.175275,train,SYNTHETIC
wh-0445,heat_pump,4.306894,166.648,50.769,58.523,6.05,0.193027,train,SYNTHETIC
wh-0446,heat_pump,4.549129,161.559,48.988,60.492,6.849,0.375908,train,SYNTHETIC
wh-0447,heat_pump,4.584248,235.399,50.449,58.85,6.893,0.319109,train,SYNTHETIC
wh-0448,heat_pump,4.732936,269.952,50.593,58.296,6.997,0.334367,train,SYNTHETIC
wh-0449,heat_pump,4.794335,207.015,50.793,60.266,6.093,0.264611,train,SYNTHETIC
wh-0450,electric_resistance,5.45065,150.064,50.303,59.364,7.392,0.237911,train,SYNTHETIC
wh-0451,heat_pump,4.307057,160.382,48.04,59.939,5.065,0.363626,train,SYNTHETIC
wh-0452,heat_pump,4.236598,250.865,50.978,59.595,4.344,0.185298,train,SYNTHETIC
wh-0453,heat_pump,4.447726,151.408,49.75,59.775,4.957,0.360746,train,SYNTHETIC
wh-0454,heat_pump,4.850218,260.818,50.052,57.963,5.987,0.346421,train,SYNTHETIC
wh-0455,heat_pump,4.554855,209.007,49.695,58.762,5.294,0.340136,train,SYNTHETIC
wh-0456,electric_resistance,4.664675,230.52,50.726,60.881,7.056,0.277869,train,SYNTHETIC
wh-0457,heat_pump,4.068977,298.937,49.726,59.306,5.122,0.183004,train,SYNTHETIC
wh-0458,heat_pump,3.906902,210.401,49.603,57.28,4.164,0.197459,train,SYNTHETIC
wh-0459,heat_pump,4.199732,237.517,50.204,57.107,5.028,0.210188,train,SYNTHETIC
wh-0460,electric_resistance,5.399842,238.578,50.482,58.895,9.288,0.243282,train,SYNTHETIC
wh-0461,heat_pump,4.479118,166.952,49.584,58.048,5.314,0.206955,train,SYNTHETIC
wh-0462,electric_resistance,5.207949,240.683,49.994,60.549,7.75,0.169225,train,SYNTHETIC
wh-0463,heat_pump,4.912133,204.774,49.931,59.073,4.6,0.295088,train,SYNTHETIC
wh-0464,heat_pump,3.982488,264.866,49.266,58.885,5.117,0.184928,train,SYNTHETIC
wh-0465,heat_pump,4.221264,204.506,50.595,57.92,5.97,0.189878,train,SYNTHETIC
wh-0466,heat_pump,4.404332,189.703,49.029,60.076,6.275,0.338328,train,SYNTHETIC
wh-0467,electric_resistance,5.397602,200.217,50.902,57.747,7.348,0.233299,train,SYNTHETIC
wh-0468,heat_pump,3.895985,188.276,50.276,58.091,5.085,0.327487,train,SYNTHETIC
wh-0469,heat_pump,4.921584,156.782,49.361,57.757,4.542,0.345359,train,SYNTHETIC
wh-0470,heat_pump,3.808741,161.3,50.65,60.983,6.047,0.364842,train,SYNTHETIC
wh-0471,heat_pump,4.067287,170.147,50.817,60.803,4.605,0.219692,train,SYNTHETIC
wh-0472,electric_resistance,4.884644,245.228,50.967,59.88,10.788,0.178292,train,SYNTHETIC
wh-0473,electric_resistance,4.054882,286.835,49.954,59.183,10.757,0.234005,train,SYNTHETIC
wh-0474,heat_pump,4.803526,168.923,49.564,60.875,6.785,0.298099,train,SYNTHETIC
wh-0475,electric_resistance,5.331211,162.795,48.636,60.904,10.153,0.174911,train,SYNTHETIC
wh-0476,heat_pump,3.918204,176.178,48.651,58.131,4.12,0.27641,train,SYNTHETIC
wh-0477,electric_resistance,5.115123,198.547,50.122,57.138,7.766,0.164995,train,SYNTHETIC
wh-0478,electric_resistance,4.687298,212.869,48.984,57.313,11.482,0.159304,train,SYNTHETIC
wh-0479,heat_pump,4.82839,206.506,50.757,59.09,4.242,0.265201,train,SYNTHETIC
wh-0480,heat_pump,4.968902,280.621,50.542,58.409,5.676,0.244179,train,SYNTHETIC
wh-0481,heat_pump,4.381764,235.613,48.76,60.85,6.826,0.328159,train,SYNTHETIC
wh-0482,heat_pump,4.674667,212.753,49.112,57.886,4.797,0.216383,train,SYNTHETIC
wh-0483,heat_pump,3.90104,266.032,49.015,60.126,5.919,0.195699,train,SYNTHETIC
wh-0484,heat_pump,4.740852,291.016,48.206,59.919,4.23,0.378817,train,SYNTHETIC
wh-0485,heat_pump,4.69132,222.622,48.715,59.962,6.158,0.37851,train,SYNTHETIC
wh-0486,heat_pump,4.161812,293.502,48.516,58.213,6.42,0.313367,train,SYNTHETIC
wh-0487,heat_pump,4.91375,258.802,50.473,59.472,5.749,0.373205,train,SYNTHETIC
wh-0488,heat_pump,4.446858,155.879,48.476,59.481,4.302,0.26185,train,SYNTHETIC
wh-0489,heat_pump,4.611663,231.741,49.908,57.522,5.698,0.349539,train,SYNTHETIC
wh-0490,electric_resistance,4.679968,151.0,50.231,59.266,7.281,0.277032,train,SYNTHETIC
wh-0491,electric_resistance,4.498478,261.294,49.464,57.197,8.408,0.236385,validation,SYNTHETIC
wh-0492,heat_pump,4.40166,266.223,49.082,58.485,6.942,0.239642,validation,SYNTHETIC
wh-0493,heat_pump,4.642953,186.294,49.042,59.773,4.326,0.300563,validation,SYNTHETIC
wh-0494,heat_pump,4.177953,191.952,50.394,59.77,5.303,0.33987,validation,SYNTHETIC
wh-0495,electric_resistance,5.243947,178.785,49.536,58.677,9.473,0.255787,validation,SYNTHETIC
wh-0496,heat_pump,4.838489,219.77,48.993,59.549,5.764,0.291765,validation,SYNTHETIC
wh-0497,heat_pump,3.926322,241.59,50.861,58.607,4.313,0.188691,validation,SYNTHETIC
wh-0498,heat_pump,4.693439,179.327,48.605,57.283,4.085,0.196062,validation,SYNTHETIC
wh-0499,heat_pump,4.194139,188.341,49.065,58.716,4.827,0.232986,validation,SYNTHETIC
wh-0500,heat_pump,4.27818,223.711,49.878,59.29,4.303,0.214083,validation,SYNTHETIC
wh-0501,heat_pump,4.966489,236.343,50.488,59.184,6.042,0.328208,validation,SYNTHETIC
wh-0502,heat_pump,4.731269,212.24,48.708,58.723,4.438,0.3475,validation,SYNTHETIC
wh-0503,heat_pump,4.465288,253.501,49.755,60.516,4.871,0.256031,validation,SYNTHETIC
wh-0504,heat_pump,3.813611,273.677,49.665,57.164,5.888,0.191175,validation,SYNTHETIC
wh-0505,heat_pump,4.10889,194.775,48.995,59.799,5.83,0.326328,validation,SYNTHETIC
wh-0506,electric_resistance,4.800505,189.253,50.272,60.529,9.693,0.200759,validation,SYNTHETIC
wh-0507,heat_pump,4.340996,215.739,48.458,59.911,6.875,0.336601,validation,SYNTHETIC
wh-0508,heat_pump,3.987854,188.386,49.307,57.59,6.973,0.184345,validation,SYNTHETIC
wh-0509,electric_resistance,4.814228,244.117,49.389,60.855,9.922,0.193314,validation,SYNTHETIC
wh-0510,heat_pump,4.43791,174.108,48.545,60.124,4.892,0.304525,validation,SYNTHETIC
wh-0511,electric_resistance,4.7489,287.429,48.545,57.285,7.075,0.297176,validation,SYNTHETIC
wh-0512,heat_pump,4.647417,283.688,49.866,58.531,6.279,0.321574,validation,SYNTHETIC
wh-0513,heat_pump,4.073602,178.989,48.461,60.051,4.514,0.243997,validation,SYNTHETIC
wh-0514,electric_resistance,4.334682,275.723,50.26,59.145,10.488,0.297885,validation,SYNTHETIC
wh-0515,heat_pump,4.930732,183.758,48.285,58.375,5.319,0.183269,validation,SYNTHETIC
wh-0516,heat_pump,4.75371,231.547,50.254,57.743,5.978,0.196817,validation,SYNTHETIC
wh-0517,heat_pump,4.886833,224.039,49.44,57.195,4.273,0.315975,validation,SYNTHETIC
wh-0518,heat_pump,4.545366,248.254,49.631,59.954,5.441,0.274952,validation,SYNTHETIC
wh-0519,heat_pump,3.838847,179.683,50.465,58.595,5.902,0.238829,validation,SYNTHETIC
wh-0520,heat_pump,4.477607,232.575,48.703,59.933,5.503,0.193021,validation,SYNTHETIC
wh-0521,heat_pump,4.827055,279.473,48.237,58.226,4.87,0.185235,validation,SYNTHETIC
wh-0522,electric_resistance,5.226999,223.772,49.444,60.577,7.196,0.131924,validation,SYNTHETIC
wh-0523,heat_pump,3.971856,181.749,49.084,57.396,6.979,0.190299,validation,SYNTHETIC
wh-0524,electric_resistance,4.49648,265.221,48.842,60.579,7.893,0.243045,validation,SYNTHETIC
wh-0525,heat_pump,4.78427,278.236,48.374,57.8,5.091,0.337431,validation,SYNTHETIC
wh-0526,electric_resistance,4.446705,297.285,48.232,60.979,11.701,0.171319,validation,SYNTHETIC
wh-0527,heat_pump,3.916101,290.362,49.167,58.347,6.274,0.192319,validation,SYNTHETIC
wh-0528,heat_pump,3.813631,261.333,50.737,58.651,4.159,0.314522,validation,SYNTHETIC
wh-0529,electric_resistance,4.439289,220.997,49.643,58.789,11.416,0.220869,validation,SYNTHETIC
wh-0530,heat_pump,4.318629,235.073,48.76,58.426,4.615,0.376127,validation,SYNTHETIC
wh-0531,heat_pump,4.073391,291.404,50.758,59.765,4.863,0.216358,validation,SYNTHETIC
wh-0532,electric_resistance,5.384801,150.642,49.246,58.168,9.764,0.139054,validation,SYNTHETIC
wh-0533,heat_pump,4.192697,159.922,48.448,59.593,6.011,0.183906,validation,SYNTHETIC
wh-0534,heat_pump,4.636844,207.818,49.219,59.716,6.668,0.315977,validation,SYNTHETIC
wh-0535,heat_pump,4.062877,204.863,48.49,59.915,4.916,0.233775,validation,SYNTHETIC
wh-0536,heat_pump,3.923763,187.571,49.206,59.021,5.715,0.296416,validation,SYNTHETIC
wh-0537,electric_resistance,5.440339,159.785,50.349,60.119,10.265,0.225049,validation,SYNTHETIC
wh-0538,heat_pump,4.598212,296.922,50.202,58.497,5.627,0.269371,validation,SYNTHETIC
wh-0539,heat_pump,3.821833,195.769,48.732,60.495,6.667,0.335289,validation,SYNTHETIC
wh-0540,heat_pump,4.055968,211.887,50.334,57.774,5.279,0.212196,validation,SYNTHETIC
wh-0541,electric_resistance,4.798558,213.196,49.214,58.934,11.84,0.270101,validation,SYNTHETIC
wh-0542,electric_resistance,4.651174,212.795,50.386,60.146,11.108,0.284891,validation,SYNTHETIC
wh-0543,heat_pump,3.989,214.112,50.127,60.954,4.458,0.357833,validation,SYNTHETIC
wh-0544,heat_pump,4.763356,165.291,50.165,60.427,5.357,0.233609,validation,SYNTHETIC
wh-0545,heat_pump,4.558555,247.154,49.823,60.235,5.161,0.339808,validation,SYNTHETIC
wh-0546,heat_pump,4.483519,188.936,48.016,58.763,4.105,0.373556,validation,SYNTHETIC
wh-0547,heat_pump,4.825622,285.258,50.056,58.284,5.424,0.379904,validation,SYNTHETIC
wh-0548,electric_resistance,4.631476,174.236,50.07,58.385,9.148,0.152665,validation,SYNTHETIC
wh-0549,electric_resistance,4.373796,283.944,48.517,58.542,8.902,0.158304,validation,SYNTHETIC
wh-0550,heat_pump,4.294188,233.164,49.261,58.685,6.605,0.310906,validation,SYNTHETIC
wh-0551,heat_pump,4.170717,272.801,50.823,60.464,4.716,0.352587,validation,SYNTHETIC
wh-0552,heat_pump,4.207919,164.545,49.317,61.0,6.081,0.26735,validation,SYNTHETIC
wh-0553,heat_pump,4.883173,251.302,48.967,57.938,5.928,0.299725,validation,SYNTHETIC
wh-0554,electric_resistance,4.740196,166.065,49.261,59.129,10.907,0.203546,validation,SYNTHETIC
wh-0555,electric_resistance,4.348697,266.068,50.649,58.294,8.869,0.253583,validation,SYNTHETIC
wh-0556,electric_resistance,4.795303,195.992,49.658,57.06,10.501,0.258299,validation,SYNTHETIC
wh-0557,electric_resistance,5.101343,235.437,50.86,60.805,8.818,0.295612,validation,SYNTHETIC
wh-0558,electric_resistance,4.322445,220.676,49.55,57.928,9.451,0.158226,validation,SYNTHETIC
wh-0559,heat_pump,3.987776,163.813,50.666,60.134,6.005,0.244599,validation,SYNTHETIC
wh-0560,heat_pump,4.125254,211.994,49.849,58.217,4.982,0.297531,validation,SYNTHETIC
wh-0561,electric_resistance,4.727352,263.715,49.817,57.207,9.595,0.15567,validation,SYNTHETIC
wh-0562,heat_pump,4.5213,205.437,49.004,58.58,4.138,0.311448,validation,SYNTHETIC
wh-0563,electric_resistance,4.489904,245.378,49.328,57.534,9.499,0.177883,validation,SYNTHETIC
wh-0564,heat_pump,4.446232,249.749,50.666,60.496,6.957,0.210762,validation,SYNTHETIC
wh-0565,heat_pump,4.395877,235.777,48.677,59.069,6.06,0.275996,validation,SYNTHETIC
wh-0566,heat_pump,4.723262,278.772,50.148,60.266,4.492,0.256831,validation,SYNTHETIC
wh-0567,heat_pump,4.613937,259.546,48.493,60.281,6.899,0.189408,validation,SYNTHETIC
wh-0568,electric_resistance,4.599339,220.49,50.813,60.512,8.371,0.238751,validation,SYNTHETIC
wh-0569,electric_resistance,4.907976,159.125,48.04,58.856,8.703,0.156216,validation,SYNTHETIC
wh-0570,heat_pump,3.951174,221.259,48.759,57.166,5.886,0.263367,validation,SYNTHETIC
wh-0571,electric_resistance,5.125358,195.717,50.094,57.908,8.951,0.256268,validation,SYNTHETIC
wh-0572,electric_resistance,4.424205,297.123,50.642,60.647,8.16,0.149156,validation,SYNTHETIC
wh-0573,electric_resistance,4.038889,288.417,50.75,59.891,8.295,0.284382,validation,SYNTHETIC
wh-0574,heat_pump,4.618401,240.053,49.998,57.847,6.937,0.225227,validation,SYNTHETIC
wh-0575,electric_resistance,4.259078,183.215,50.81,57.976,9.806,0.218902,validation,SYNTHETIC
wh-0576,heat_pump,3.862302,185.37,48.879,59.572,4.428,0.306683,validation,SYNTHETIC
wh-0577,heat_pump,4.067778,203.475,50.877,57.075,6.619,0.21793,validation,SYNTHETIC
wh-0578,heat_pump,4.186368,230.973,50.486,60.256,5.521,0.185788,validation,SYNTHETIC
wh-0579,heat_pump,4.897913,159.488,50.895,59.257,5.564,0.341046,validation,SYNTHETIC
wh-0580,heat_pump,3.963233,238.152,49.22,58.104,4.147,0.194254,validation,SYNTHETIC
wh-0581,heat_pump,4.171606,259.956,48.826,57.884,6.522,0.19013,validation,SYNTHETIC
wh-0582,heat_pump,4.849893,201.717,48.629,60.038,5.796,0.242555,validation,SYNTHETIC
wh-0583,heat_pump,3.807653,171.45,49.187,59.224,6.69,0.197108,validation,SYNTHETIC
wh-0584,heat_pump,4.87162,198.944,48.222,57.878,5.791,0.36166,validation,SYNTHETIC
wh-0585,electric_resistance,4.823156,219.63,48.832,58.887,10.024,0.298073,validation,SYNTHETIC
wh-0586,heat_pump,4.46398,166.932,48.48,57.331,6.919,0.300635,validation,SYNTHETIC
wh-0587,heat_pump,4.976848,171.062,50.209,57.638,6.814,0.19615,validation,SYNTHETIC
wh-0588,electric_resistance,4.753984,279.735,49.704,60.917,10.202,0.291127,validation,SYNTHETIC
wh-0589,heat_pump,4.738989,229.499,50.471,57.102,6.191,0.355327,validation,SYNTHETIC
wh-0590,electric_resistance,5.274558,186.132,50.809,57.747,9.456,0.202474,validation,SYNTHETIC
wh-0591,heat_pump,3.824016,176.256,49.743,58.004,6.34,0.245867,validation,SYNTHETIC
wh-0592,heat_pump,3.84605,255.629,50.331,58.67,6.83,0.378522,validation,SYNTHETIC
wh-0593,heat_pump,4.34195,248.747,48.692,60.155,5.221,0.323525,validation,SYNTHETIC
wh-0594,electric_resistance,4.733073,230.212,50.663,58.25,11.331,0.217472,validation,SYNTHETIC
wh-0595,heat_pump,4.675977,215.834,48.119,57.641,6.074,0.329718,validation,SYNTHETIC
wh-0596,heat_pump,4.108424,231.859,50.874,58.911,6.952,0.256114,test,SYNTHETIC
wh-0597,heat_pump,4.14075,196.362,48.211,58.929,6.186,0.33131,test,SYNTHETIC
wh-0598,heat_pump,4.338656,160.133,49.131,58.972,6.515,0.19209,test,SYNTHETIC
wh-0599,heat_pump,4.435811,288.272,49.322,57.285,5.298,0.272551,test,SYNTHETIC
wh-0600,heat_pump,3.948621,183.019,49.459,60.588,5.758,0.312106,test,SYNTHETIC
wh-0601,heat_pump,4.724306,182.705,48.685,59.758,5.43,0.292637,test,SYNTHETIC
wh-0602,electric_resistance,4.296423,244.61,48.26,57.464,8.681,0.128763,test,SYNTHETIC
wh-0603,heat_pump,4.091773,221.597,48.508,57.15,4.788,0.343405,test,SYNTHETIC
wh-0604,heat_pump,4.026534,180.679,48.289,60.847,4.815,0.222783,test,SYNTHETIC
wh-0605,electric_resistance,4.526025,154.595,50.501,60.302,11.29,0.202526,test,SYNTHETIC
wh-0606,electric_resistance,4.133452,256.653,50.719,59.05,7.544,0.138224,test,SYNTHETIC
wh-0607,heat_pump,4.800039,254.605,50.973,58.676,5.61,0.196032,test,SYNTHETIC
wh-0608,heat_pump,3.867216,285.923,48.525,59.179,4.384,0.304108,test,SYNTHETIC
wh-0609,electric_resistance,5.406605,240.199,48.775,57.645,8.886,0.206505,test,SYNTHETIC
wh-0610,electric_resistance,4.455286,242.57,50.628,60.466,9.318,0.280269,test,SYNTHETIC
wh-0611,electric_resistance,4.496099,278.285,49.15,60.518,11.124,0.121964,test,SYNTHETIC
wh-0612,heat_pump,4.248047,279.9,50.58,60.897,4.537,0.364376,test,SYNTHETIC
wh-0613,heat_pump,4.548548,220.104,49.423,59.073,5.339,0.219381,test,SYNTHETIC
wh-0614,electric_resistance,5.292373,251.68,49.008,60.55,7.986,0.259299,test,SYNTHETIC
wh-0615,heat_pump,4.561775,246.061,49.497,59.294,6.556,0.225719,test,SYNTHETIC
wh-0616,heat_pump,4.975802,254.898,50.635,57.23,6.447,0.252484,test,SYNTHETIC
wh-0617,electric_resistance,4.924195,183.172,49.932,57.149,8.218,0.230812,test,SYNTHETIC
wh-0618,electric_resistance,5.114415,166.688,49.068,60.691,8.349,0.197369,test,SYNTHETIC
wh-0619,heat_pump,4.698343,232.146,50.927,58.899,5.873,0.342404,test,SYNTHETIC
wh-0620,electric_resistance,5.157431,212.428,48.057,57.505,8.018,0.202494,test,SYNTHETIC
wh-0621,heat_pump,4.266567,152.053,49.981,59.612,5.004,0.346158,test,SYNTHETIC
wh-0622,electric_resistance,4.122414,286.786,49.549,57.145,7.87,0.160295,test,SYNTHETIC
wh-0623,heat_pump,4.335656,295.417,50.457,58.646,5.377,0.304974,test,SYNTHETIC
wh-0624,heat_pump,4.125724,248.657,50.366,60.063,5.09,0.193434,test,SYNTHETIC
wh-0625,heat_pump,3.973298,239.665,50.11,57.776,5.351,0.267119,test,SYNTHETIC
wh-0626,heat_pump,4.044594,295.493,48.829,60.255,4.534,0.288717,test,SYNTHETIC
wh-0627,heat_pump,4.674388,277.286,49.97,60.152,5.697,0.272986,test,SYNTHETIC
wh-0628,electric_resistance,5.274731,196.84,49.603,59.166,11.4,0.172752,test,SYNTHETIC
wh-0629,heat_pump,4.618882,231.908,49.77,59.373,5.947,0.282873,test,SYNTHETIC
wh-0630,electric_resistance,5.038902,260.015,49.41,59.331,7.912,0.174868,test,SYNTHETIC
wh-0631,heat_pump,4.429649,157.153,50.898,58.692,6.832,0.23542,test,SYNTHETIC
wh-0632,electric_resistance,4.876981,179.862,50.794,59.141,11.408,0.141848,test,SYNTHETIC
wh-0633,electric_resistance,5.469431,267.987,48.482,58.259,10.524,0.279878,test,SYNTHETIC
wh-0634,heat_pump,4.478977,221.862,49.787,57.7,6.11,0.211635,test,SYNTHETIC
wh-0635,heat_pump,4.849242,246.399,49.348,58.179,4.117,0.294374,test,SYNTHETIC
wh-0636,heat_pump,3.865549,284.895,50.65,58.873,4.771,0.348713,test,SYNTHETIC
wh-0637,heat_pump,4.112508,183.437,50.491,58.14,4.114,0.221363,test,SYNTHETIC
wh-0638,electric_resistance,4.063708,258.659,49.062,60.233,9.529,0.185005,test,SYNTHETIC
wh-0639,heat_pump,4.650887,209.786,49.629,60.874,6.774,0.228147,test,SYNTHETIC
wh-0640,heat_pump,3.81257,215.465,48.568,58.722,4.209,0.301863,test,SYNTHETIC
wh-0641,heat_pump,4.974644,264.088,49.26,59.661,5.954,0.304332,test,SYNTHETIC
wh-0642,heat_pump,3.872487,202.272,49.478,60.935,5.343,0.197393,test,SYNTHETIC
wh-0643,heat_pump,4.50416,205.499,48.786,57.553,5.631,0.350194,test,SYNTHETIC
wh-0644,electric_resistance,4.73491,245.489,50.623,60.656,9.853,0.284427,test,SYNTHETIC
wh-0645,heat_pump,4.828369,194.072,50.16,59.221,5.641,0.252803,test,SYNTHETIC
wh-0646,heat_pump,4.813241,164.744,48.417,60.951,5.963,0.216682,test,SYNTHETIC
wh-0647,heat_pump,4.347676,277.803,49.156,59.991,4.737,0.344792,test,SYNTHETIC
wh-0648,heat_pump,4.849172,159.246,48.519,57.641,4.828,0.279063,test,SYNTHETIC
wh-0649,electric_resistance,4.203887,249.69,48.646,59.732,8.267,0.226771,test,SYNTHETIC
wh-0650,heat_pump,4.40727,163.54,48.687,59.097,6.48,0.29729,test,SYNTHETIC
wh-0651,electric_resistance,4.685153,296.805,50.757,60.43,11.698,0.130259,test,SYNTHETIC
wh-0652,heat_pump,4.035425,201.924,49.716,59.657,4.602,0.265269,test,SYNTHETIC
wh-0653,electric_resistance,5.27729,214.674,49.516,58.857,11.264,0.156535,test,SYNTHETIC
wh-0654,heat_pump,4.222707,234.096,48.017,57.977,5.432,0.193768,test,SYNTHETIC
wh-0655,electric_resistance,4.367261,288.64,48.234,60.253,10.254,0.124305,test,SYNTHETIC
wh-0656,heat_pump,4.692408,253.732,48.686,58.668,5.39,0.372594,test,SYNTHETIC
wh-0657,heat_pump,4.524308,274.401,50.119,58.031,6.827,0.212677,test,SYNTHETIC
wh-0658,heat_pump,4.512053,262.839,49.977,57.985,6.763,0.20721,test,SYNTHETIC
wh-0659,heat_pump,4.348655,193.39,49.385,59.942,5.078,0.304199,test,SYNTHETIC
wh-0660,heat_pump,4.448348,214.559,49.588,58.503,6.202,0.24515,test,SYNTHETIC
wh-0661,heat_pump,4.155185,232.416,48.949,57.022,6.249,0.33741,test,SYNTHETIC
wh-0662,electric_resistance,4.205948,293.126,48.621,58.788,7.489,0.149407,test,SYNTHETIC
wh-0663,heat_pump,4.985751,221.359,50.152,60.011,5.242,0.205524,test,SYNTHETIC
wh-0664,heat_pump,4.655612,275.138,50.119,60.154,6.386,0.351967,test,SYNTHETIC
wh-0665,heat_pump,4.972666,265.184,49.657,58.437,5.503,0.350885,test,SYNTHETIC
wh-0666,electric_resistance,4.162967,246.935,48.037,59.531,7.226,0.23973,test,SYNTHETIC
wh-0667,heat_pump,4.374386,265.812,49.431,59.541,6.398,0.328794,test,SYNTHETIC
wh-0668,heat_pump,4.549098,241.065,49.12,58.735,5.776,0.271143,test,SYNTHETIC
wh-0669,heat_pump,4.633007,259.583,49.975,57.912,6.324,0.308993,test,SYNTHETIC
wh-0670,heat_pump,4.219212,194.702,48.915,58.927,4.236,0.238364,test,SYNTHETIC
wh-0671,heat_pump,4.72339,189.522,50.732,58.801,6.822,0.343845,test,SYNTHETIC
wh-0672,heat_pump,4.802669,231.593,49.059,59.886,5.846,0.283428,test,SYNTHETIC
wh-0673,heat_pump,4.46046,299.296,50.165,59.838,4.726,0.334406,test,SYNTHETIC
wh-0674,heat_pump,4.841805,196.815,48.937,60.311,4.207,0.274656,test,SYNTHETIC
wh-0675,electric_resistance,4.870218,191.406,49.928,59.46,8.018,0.199355,test,SYNTHETIC
wh-0676,heat_pump,4.843152,164.649,49.149,57.322,4.824,0.239057,test,SYNTHETIC
wh-0677,heat_pump,4.769692,192.252,50.633,58.626,6.955,0.242871,test,SYNTHETIC
wh-0678,electric_resistance,4.43042,181.055,48.035,57.119,9.873,0.249836,test,SYNTHETIC
wh-0679,electric_resistance,4.806799,153.115,49.762,60.96,11.048,0.182208,test,SYNTHETIC
wh-0680,heat_pump,4.606899,263.767,49.124,59.988,5.522,0.378228,test,SYNTHETIC
wh-0681,electric_resistance,4.059489,271.766,49.965,59.637,8.152,0.16722,test,SYNTHETIC
wh-0682,electric_resistance,4.624899,271.585,48.98,57.173,8.705,0.145089,test,SYNTHETIC
wh-0683,electric_resistance,4.448284,198.565,50.269,60.73,9.873,0.152881,test,SYNTHETIC
wh-0684,heat_pump,4.957265,299.116,49.95,59.813,6.505,0.279445,test,SYNTHETIC
wh-0685,electric_resistance,4.192211,172.257,50.714,58.459,11.941,0.172646,test,SYNTHETIC
wh-0686,electric_resistance,5.133437,276.015,48.791,57.414,10.257,0.146102,test,SYNTHETIC
wh-0687,heat_pump,4.206316,285.84,50.631,58.912,5.699,0.233901,test,SYNTHETIC
wh-0688,electric_resistance,4.948062,179.114,50.729,59.483,9.594,0.221024,test,SYNTHETIC
wh-0689,heat_pump,4.780023,295.848,48.77,59.221,6.029,0.251541,test,SYNTHETIC
wh-0690,heat_pump,3.848112,260.132,48.054,60.15,5.694,0.184907,test,SYNTHETIC
wh-0691,heat_pump,4.977671,198.922,49.727,57.646,5.414,0.212901,test,SYNTHETIC
wh-0692,heat_pump,4.028043,170.054,48.611,58.723,6.121,0.249067,test,SYNTHETIC
wh-0693,electric_resistance,4.125608,176.15,50.261,60.337,8.384,0.295759,test,SYNTHETIC
wh-0694,heat_pump,4.948515,186.09,50.267,59.686,4.904,0.308518,test,SYNTHETIC
wh-0695,heat_pump,3.958369,164.212,50.955,57.364,6.298,0.248976,test,SYNTHETIC
wh-0696,heat_pump,4.691385,236.268,49.002,57.971,4.761,0.212224,test,SYNTHETIC
wh-0697,heat_pump,3.934024,245.182,48.88,60.734,5.214,0.316118,test,SYNTHETIC
wh-0698,electric_resistance,5.011575,253.083,49.587,59.077,11.69,0.127516,test,SYNTHETIC
wh-0699,electric_resistance,4.846038,266.613,48.716,58.904,10.658,0.264437,test,SYNTHETIC
wh-0700,heat_pump,4.364419,219.086,48.443,59.656,6.912,0.189177,test,SYNTHETIC
